宁B67085.jpg,紧凑型车,银灰
宁A13900.jpg,轻客,银灰
宁A1Q170.jpg,紧凑型车,黑
宁A7G468.jpg,中大型车,黑
宁R67785.jpg,微面,银灰
宁AAK421.jpg,中型车,绿
宁A9H605.jpg,中大型车,黑
宁AC8817.jpg,中型车,黑
宁A4H189.jpg,中型车,银灰
宁AH6669.jpg,小型车,红
宁D28321.jpg,微面,红
宁A23198.jpg,中型车,银灰
宁A76G26.jpg,中大型车,黑
宁AHZ093.jpg,紧凑型车,白
宁AZN362.jpg,MPV,银灰
宁ANU505.jpg,中型车,白
宁A50A60.jpg,MPV,银灰
宁AAB967.jpg,紧凑型车,棕
宁A3Q979.jpg,中型车,黑
宁AW5000.jpg,紧凑型SUV,黑
宁AVG736.jpg,中型车,黑
宁A10G92.jpg,中大型SUV,黑
宁A9A419.jpg,MPV,银灰
宁ANA990.jpg,中型车,银灰
宁AMZ580.jpg,MPV,银灰
宁AL9755.jpg,紧凑型车,红
宁AW4035.jpg,紧凑型车,黑
宁A7H723.jpg,中大型车,黑
宁ADC707.jpg,MPV,银灰
宁A1D755.jpg,中型SUV,棕
宁AJP615.jpg,中型车,黑
宁RR8561.jpg,紧凑型车,银灰
宁ADW128.jpg,中大型车,黑
宁AXU560.jpg,MPV,黑
宁A1K022.jpg,中型车,黄
宁AQX601.jpg,中大型车,黑
宁A72C22.jpg,紧凑型车,黑
宁AQR269.jpg,中大型车,黑
宁ABH570.jpg,紧凑型车,黑
宁AUM191.jpg,中型车,黑
宁AVH808.jpg,紧凑型车,银灰
宁AQX951.jpg,中型车,棕
宁AC5561.jpg,紧凑型车,黑
宁A2Q600.jpg,紧凑型车,银灰
宁ARZ629.jpg,紧凑型车,红
宁AEQ593.jpg,紧凑型车,黑
宁AQK282.jpg,跑车,红
宁APU759.jpg,中型车,绿
宁ACS515.jpg,SUV,白
宁A52L05.jpg,中型车,绿
宁AZX702.jpg,紧凑型车,银灰
宁AON127.jpg,紧凑型SUV,白
宁AUR260.jpg,中大型车,白
宁A29E66.jpg,中型车,黑
宁ALR086.jpg,中型车,蓝
闽G7H986.jpg,中型车,黑
闽D55996.jpg,跑车,白
闽GQ0201.jpg,紧凑型车,白
闽A55305.jpg,中型车,黑
闽DV8778.jpg,MPV,银灰
闽CMM010.jpg,紧凑型车,银灰
闽ACG552.jpg,紧凑型车,银灰
闽C2885J.jpg,MPV,银灰
闽A019UU.jpg,中大型车,白
闽F90910.jpg,中大型SUV,银灰
闽A1B11B.jpg,中大型车,黑
闽BAU077.jpg,皮卡,银灰
闽AQ1888.jpg,中大型车,银灰
闽C5533Y.jpg,小型车,银灰
闽C8085E.jpg,MPV,银灰
闽D638E6.jpg,轻客,白
闽JN5522.jpg,紧凑型车,黑
闽DJ3326.jpg,小型车,银灰
闽BFF358.jpg,紧凑型车,黑
闽AP2208.jpg,紧凑型车,银灰
闽C662L8.jpg,紧凑型车,银灰
闽AJ8892.jpg,中型车,白
闽A2F707.jpg,紧凑型车,白
闽B77380.jpg,中型车,黑
闽A3936R.jpg,中型车,白
闽A4B07B.jpg,紧凑型车,银灰
闽D1R108.jpg,中型SUV,银灰
贵A3385T.jpg,MPV,棕
贵HBZ199.jpg,轻客,黑
贵AKS389.jpg,紧凑型车,黑
贵D661M7.jpg,中型车,银灰
贵AVG377.jpg,紧凑型车,银灰
贵C5EB35.jpg,紧凑型车,红
贵A3K389.jpg,中型车,黑
贵DBZ533.jpg,微面,棕
贵C2734J.jpg,紧凑型车,银灰
贵H199J8.jpg,紧凑型SUV,黑
贵A42233.jpg,微卡,橙
贵A2756T.jpg,小型车,蓝
贵G05452.jpg,小型SUV,白
贵CN1310.jpg,紧凑型车,红
贵CNN173.jpg,紧凑型车,红
贵AK3389.jpg,紧凑型车,黑
贵A12458.jpg,微面,橙
贵A16A88.jpg,紧凑型SUV,银灰
贵FJ3330.jpg,微面,银灰
贵H5563X.jpg,小型车,银灰
贵A45884.jpg,微卡,红
贵AT8853.jpg,轻客,棕
贵A3885T.jpg,MPV,棕
云AK3350.jpg,紧凑型车,红
云H38M39.jpg,中型车,银灰
云A090R3.jpg,中大型车,黑
云A8222K.jpg,中型车,黑
云APZ000.jpg,中型车,黑
云D5158J.jpg,中型车,黑
云ASZ883.jpg,中型车,银灰
云APR798.jpg,中型车,黑
云A3U38S.jpg,紧凑型SUV,黑
云AMW710 .jpg,MPV,黑
云AP2PP3.jpg,紧凑型车,白
云A383VV.jpg,紧凑型车,银灰
云HTUT98.jpg,紧凑型车,白
云ABZ797.jpg,中大型SUV,白
云AGQ978.jpg,豪华车,黑
云D656Z8.jpg,微面,白
云ASZ323.jpg,中大型车,蓝
云FPP767.jpg,中型SUV,白
云C1916J.jpg,微面,银灰
云F74809.jpg,MPV,白
云D5F35Z.jpg,MPV,黑
云ABS375.jpg,紧凑型车,黑
云D3D383.jpg,紧凑型SUV,白
云CD0230.jpg,紧凑型车,蓝
云AUQ887.jpg,小型SUV,银灰
云AB7797.jpg,轻客,黑
津M6G98G.jpg,MPV,黑
津A5957Q.jpg,中型SUV,白
津NMD066.jpg,面包车,银灰
津JW776Q.jpg,紧凑型车,黑
津G55856.jpg,中型SUV,黑
津DWP555.jpg,紧凑型车,银灰
津DWP558.jpg,紧凑型车,银灰
津DB668W.jpg,紧凑型车,红
津K80890.jpg,微面,银灰
津JJ2366.jpg,紧凑型车,白
津DWP828.jpg,紧凑型车,银灰
津M20C01.jpg,紧凑型车,银灰
津AE3909.jpg,紧凑型车,黑
津HY0686.jpg,大型SUV,黑
津QS0991.jpg,轻客,银灰
津HSS202.jpg,小型车,银灰
津JZT166.jpg,中型SUV,白
渝A5351M.jpg,大型车,黑
渝FN8709.jpg,微面,银灰
渝C88R60.jpg,微面,银灰
渝BD8520.jpg,中大型车,黑
渝F86P29.jpg,中型车,黑
渝F3K378.jpg,紧凑型车,银灰
渝A03Y06.jpg,中型车,黑
渝A18180.jpg,MPV,黑
渝A1M823.jpg,中型SUV,黑
渝AQ3737.JPG,紧凑型SUV,黑
渝A78851.jpg,紧凑型车,黑
渝BE0500.jpg,紧凑型车,白
渝AVQ559.jpg,轻客,银灰
渝CUU322.jpg,紧凑型SUV,白
渝A6P266.jpg,紧凑型车,白
渝BM7889.jpg,微面,白
渝H601K6.jpg,中型车,白
渝AP7851.jpg,紧凑型车,黑
渝BL1328.jpg,中大型SUV,白
渝A799D6.jpg,中型SUV,银灰
渝F7T701.JPG,小型车,银灰
渝A0N70K.jpg,中型车,黑
渝B27M89.jpg,轻客,白
渝A3E316.jpg,小型车,橙
渝FK7827.jpg,中型SUV,黑
渝A71W72.jpg,小型车,白
渝CX6666.jpg,紧凑型车,银灰
藏AF3107.jpg,中型车,黑
藏AV6022.jpg,中型车,黑
藏AD8007.jpg,MPV,黑
藏AM3257.jpg,中型车,银灰
藏AA9182.jpg,中型车,白
藏A9916A.jpg,中型车,蓝
藏ABD335.jpg,中型车,黑
藏ACP777.jpg,大型车,黑
藏ED2029.jpg,中型车,绿
藏ACR518.jpg,中型车,红
藏AH8302.jpg,轻客,银灰
藏EC2552.jpg,中型车,黑
藏AQ9333.jpg,中型车,红
藏ACL228.jpg,中型车,黑
藏A5639A.jpg,中型车,蓝
藏AD7259.jpg,MPV,黑
藏AM9659.jpg,紧凑型车,银灰
藏AE8558.jpg,跑车,银灰
藏AV3003.jpg,中型车,绿
藏A6899B.jpg,紧凑型SUV,黑
藏AA9189.jpg,MPV,黑
藏AJ6239.jpg,中型车,黑
藏AM7999.jpg,MPV,黑
藏A0963D.jpg,紧凑型车,白
藏ABM966.jpg,中大型车,棕
藏A6080B.jpg,微面,银灰
藏A2838D.jpg,紧凑型车,银灰
藏AD5999.jpg,紧凑型车,银灰
藏AU9616.jpg,中型车,蓝
藏AD2047.jpg,MPV,银灰
冀A98898.jpg,轻客,蓝
冀AKK190.jpg,中型车,黑
冀APY771.jpg,小型车,白
冀C3836B.jpg,MPV,白
冀A2A668.jpg,中大型车,黑
冀AUFF05.jpg,MPV,银灰
冀JMM835.jpg,紧凑型车,白
冀J80V58.jpg,微面,银灰
冀JXX888.jpg,大型SUV,白
冀FCH888.jpg,中大型车,黑
冀ENN219.jpg,微面,银灰
冀R85578.jpg,轻客,白
冀J8818P.jpg,紧凑型车,银灰
冀CB3368.jpg,中型车,黑
冀R8885T.jpg,紧凑型车,白
冀R91S39.jpg,SUV,银灰
冀FW7917.jpg,小型SUV,银灰
冀E6U202.jpg,紧凑型车,银灰
冀JU729Q.jpg,紧凑型车,白
冀J885N8.jpg,轻客,银灰
冀A700LX.jpg,大型SUV,白
冀T2705Q.jpg,中型车,黑
冀C6E680.jpg,紧凑型SUV,黑
冀R7G77G.jpg,紧凑型SUV,白
粤S2278学.jpg,小型车,橙
粤S7877学.jpg,MPV,橙
粤S6487学.jpg,紧凑型车,橙
粤S3139学.jpg,小型车,橙
粤S5542学.jpg,小型车,棕
粤S3149学.jpg,紧凑型SUV,橙
粤S4496学.jpg,MPV,橙
粤S4646学.jpg,紧凑型车,橙
粤S1416学.jpg,紧凑型车,红
粤S3930学.jpg,小型车,红
粤S6077学.jpg,MPV,橙
粤B3887学.jpg,MPV,棕
粤S4771学.jpg,紧凑型车,蓝
粤S3357学.jpg,MPV,橙
粤S8587学.jpg,小型车,橙
粤S5338学.jpg,紧凑型车,橙
粤S5578学.jpg,MPV,橙
粤S8639学.jpg,紧凑型车,橙
粤S2429学.jpg,中型车,棕
粤S7947学.jpg,小型SUV,橙
粤S2248学.jpg,MPV,黑
粤S4332学.jpg,紧凑型车,橙
粤S5451学.jpg,小型车,橙
鲁A77N91.jpg,中大型SUV,白
鲁AJ3322.jpg,中型车,黑
鲁K9991G.jpg,紧凑型SUV,白
鲁Q2148M.jpg,微面,银灰
鲁C1E162.jpg,中型车,黑
鲁PTC969.jpg,中型SUV,白
鲁Q22293.jpg,微面,红
鲁J6K86C.jpg,紧凑型车,白
鲁A9980H.jpg,紧凑型SUV,黑
鲁QCV790.jpg,MPV,银灰
鲁D42977.jpg,微卡,蓝
鲁CLL303.jpg,中型车,银灰
鲁CS9533.jpg,中型车,黑
鲁DCC551.jpg,紧凑型车,黑
鲁A5M568.jpg,中型车,黑
鲁FKG828.jpg,MPV,银灰
鲁RG555B.jpg,小型车,银灰
鲁BFF821.jpg,MPV,银灰
鲁QAA312.jpg,中型车,黑
鲁BJWW01.jpg,中型车,黑
湘ANP007.jpg,微型车,银灰
湘D5A989.jpg,中型车,黑
湘AHH467.jpg,紧凑型车,银灰
湘A55039.jpg,中大型SUV,棕
湘A66W62.jpg,轻客,白
湘ETR884.jpg,微面,银灰
湘D8315J.jpg,微面,银灰
湘AV225J.jpg,中型车,红
湘A33P59.jpg,紧凑型车,黑
湘KR0660.jpg,中型车,黑
湘A98W58.jpg,紧凑型车,银灰
湘B2529K.jpg,中型车,白
湘D6933J.jpg,MPV,白
湘L2U62U.jpg,中型车,黑
湘S13302.jpg,紧凑型车,白
湘ELS385.jpg,紧凑型车,白
湘G85598.jpg,紧凑型车,白
湘A66237.jpg,中型SUV,白
湘K3872D.jpg,小型车,银灰
湘A6GZ1Z.jpg,紧凑型车,红
湘EBL518.jpg,微面,银灰
湘F6541T.jpg,小型车,黑
湘LYX199.jpg,紧凑型车,银灰
湘AL0064.jpg,中型车,黑
湘A7176J.jpg,中大型车,黑
辽MA7700.jpg,紧凑型SUV,黑
辽FPP606.jpg,中型SUV,黑
辽A6339S.jpg,中型车,银灰
辽BH3903.jpg,紧凑型车,银灰
辽DA0705.jpg,紧凑型车,棕
辽M5C335.jpg,中型车,黑
辽N9789W.jpg,中型车,黑
辽B9K991.jpg,小型车,黑
辽AL5979.jpg,微面,橙
辽G18717.jpg,轻客,黑
辽CWW229.jpg,紧凑型车,白
辽AGH789.jpg,中大型SUV,黑
辽AV255X.jpg,中大型车,银灰
辽AD664D.jpg,紧凑型SUV,黑
辽B3NH53.jpg,紧凑型车,银灰
辽AS3691.jpg,中型车,银灰
辽KJ0969.jpg,SUV,黑
辽C5H035.jpg,大型车,红
辽A10023.jpg,紧凑型车,银灰
辽M1281H.jpg,中型车,银灰
辽AU2182.jpg,小型车,白
辽AHB912.jpg,中型车,白
辽AF6937.jpg,中型SUV,黑
辽A155HD.jpg,小型车,黑
辽A66S91.jpg,中型车,银灰
浙C5Y598.jpg,MPV,白
浙C332Q3.jpg,MPV,蓝
浙B68353.jpg,中大型SUV,黑
浙AFD275.jpg,中型车,白
浙A99R7R.jpg,中大型车,白
浙AQ7788.jpg,紧凑型车,银灰
浙GY8878.jpg,紧凑型SUV,棕
浙AMK312.jpg,紧凑型车,红
浙H52568.jpg,紧凑型车,黑
浙A7A729.jpg,中型车,黑
浙JW2055.jpg,紧凑型SUV,白
浙A8588X.jpg,紧凑型SUV,银灰
浙EH5523.jpg,MPV,黑
浙J2338V.jpg,中大型SUV,黑
浙A1R688.jpg,紧凑型车,红
浙A7X707.jpg,中型车,银灰
浙G9199Q.jpg,中型车,黑
浙A331YS.jpg,中型车,黑
浙GV0K80.jpg,中大型车,黑
浙GHR211.jpg,小型车,棕
浙CDL799.jpg,中大型车,银灰
浙G919AM.jpg,MPV,棕
浙C9A298.jpg,中型车,黑
浙G8H381.jpg,轻客,白
浙B0093C.jpg,中型车,棕
川A7878X.jpg,中大型车,白
川A7HN79.jpg,微面,银灰
川A4AQ49.jpg,紧凑型车,银灰
川A2N936.jpg,微卡,橙
川X09797.jpg,小型车,银灰
川Y7H228.jpg,MPV,黑
川A33H31.jpg,MPV,银灰
川EZA639.jpg,紧凑型车,黑
川R09J82.jpg,紧凑型车,黑
川XAA272.jpg,轻客,银灰
川R4A304.jpg,微面,银灰
川CH7887.jpg,紧凑型车,红
川YJ0363.jpg,MPV,银灰
川A2N996.jpg,皮卡,银灰
川AGM093.jpg,MPV,蓝
川WA6U75.jpg,小型车,黑
川BD9M86.jpg,小型车,蓝
川A916YH.jpg,MPV,银灰
川AY6462.jpg,紧凑型车,银灰
川RJ9080.jpg,紧凑型车,黑
川AM7H31.jpg,SUV,白
粤ZAH11澳.jpg,MPV,黑
粤ZAW55澳.jpg,MPV,黑
粤ZK118澳.jpg,中大型车,黑
粤ZD999澳.jpg,MPV,黑
粤ZE993澳.jpg,MPV,黑
粤ZB337澳.jpg,小型车,黑
粤ZC335澳.jpg,MPV,银灰
粤ZJ660澳.jpg,MPV,黑
粤ZH335澳.jpg,MPV,黑
粤ZL115澳.jpg,MPV,银灰
粤ZM466澳.jpg,大型车,银灰
粤ZP011澳.jpg,轻客,黑
粤Z3387澳.jpg,MPV,黑
粤ZK667澳.jpg,MPV,白
粤ZE588澳.jpg,MPV,黑
粤Z8117澳.jpg,大型车,黑
粤ZD110澳.jpg,轻客,白
粤ZAB55澳.jpg,MPV,黑
粤ZR332澳.jpg,中型车,黑
粤ZJ335澳.jpg,大型车,银灰
粤ZP322澳.jpg,中大型SUV,黑
粤Z3T44澳.jpg,MPV,黑
粤ZD449澳.jpg,MPV,黑
粤ZA115澳.jpg,轻客,银灰
粤ZAV44澳.jpg,MPV,黑
粤ZN882澳.jpg,MPV,银灰
粤ZL445澳.jpg,MPV,银灰
粤ZN222澳.jpg,MPV,黑
粤Z7B72港.jpg,小型车,黑
粤ZL700港.jpg,大型车,白
粤Z880Y港.jpg,中大型SUV,黑
粤Z5A55港.jpg,MPV,银灰
粤Z095Z港.jpg,小型车,银灰
粤ZZ778港.jpg,MPV,白
粤ZT660港.jpg,轻客,银灰
粤ZSS26港.jpg,中大型SUV,白
粤ZFF66港.jpg,轻客,白
粤ZEE67港.jpg,微面,白
粤ZX942港.jpg,MPV,黑
粤ZEN22港.jpg,MPV,白
粤Z9446港.jpg,大型车,黑
粤ZAA66港.jpg,中大型SUV,银灰
粤Z55Y0港.jpg,中型SUV,银灰
粤Z4Z48港.jpg,中大型SUV,银灰
粤ZAA44港.jpg,轻客,黑
粤ZCB00港.jpg,MPV,白
粤ZH474港.jpg,微型车,银灰
粤ZGG44港.jpg,MPV,白
粤ZUU14港.jpg,轻客,白
粤ZK414港.JPG,轻客,白
粤02832警.jpg,SUV,银灰
粤02151警.jpg,SUV,白
粤T7099警.jpg,紧凑型SUV,银灰
粤S9339警.jpg,大型车,银灰
粤05239警.jpg,中型SUV,白
粤S1175警.jpg,紧凑型车,白
粤H1528警.jpg,轻客,白
粤A1941警.jpg,紧凑型SUV,白
粤05540警.jpg,微卡,白
粤E5319警.jpg,轻客,银灰
粤A3337警.jpg,皮卡,银灰
粤S4455警.jpg,SUV,白
粤A2117警.jpg,皮卡,白
粤03061警.jpg,紧凑型SUV,白
粤E6D61警.jpg,轻客,白
粤A2250警.jpg,SUV,银灰
粤01A32警.jpg,紧凑型车,白
粤AA269警.jpg,轻客,白
粤AA113警.jpg,中大型SUV,白
粤S1155警.jpg,紧凑型车,白
粤04258警.jpg,中型SUV,银灰
粤01897警.jpg,皮卡,白
粤AA334警.jpg,紧凑型车,银灰
粤AZ003警.jpg,轻客,白
粤A2525警.jpg,皮卡,银灰
粤0D909警.jpg,中型SUV,白
粤AA993警.jpg,紧凑型车,白
粤A9092警.jpg,微型车,银灰
粤R6900警.jpg,SUV,白
皖EZA122.jpg,轻客,白
皖Q666MH.jpg,MPV,黑
皖B87759.jpg,轻客,白
皖KL0V00.jpg,紧凑型车,蓝
皖SG0006.jpg,中型SUV,黑
皖AW4494.jpg,紧凑型SUV,白
皖N35563.jpg,MPV,银灰
皖N51517.jpg,微卡,红
皖R9339F.jpg,紧凑型车,白
皖R6967Z.jpg,中大型车,黑
皖AEE377.jpg,中型车,银灰
皖E628D9.jpg,中型车,黑
皖A9G93C.jpg,中型车,黑
皖P66006.jpg,紧凑型车,白
皖N968WX.jpg,紧凑型车,黑
皖K5226H.jpg,中大型车,黑
皖A77C82.jpg,轻客,银灰
皖AWW996.jpg,中型SUV,白
皖N9SG99.jpg,紧凑型车,黑
皖EAD585.jpg,轻客,白
皖E66791.jpg,小型车,黑
皖K57577.jpg,小型SUV,红
皖B5X125.jpg,小型车,蓝
皖H51845.jpg,紧凑型SUV,银灰
皖Q85538.jpg,紧凑型SUV,红
皖BKB663.jpg,紧凑型车,红
皖G3346A.jpg,紧凑型SUV,白
皖H6Y661.jpg,MPV,银灰
皖B77S17.jpg,紧凑型车,银灰
皖E86837.jpg,中型SUV,黑
皖J65695.jpg,微面,银灰
皖S2G333.jpg,中大型SUV,红
皖G8005L.jpg,中型车,黑
皖P7D79A.jpg,紧凑型SUV,银灰
皖HGHH69.jpg,紧凑型车,银灰
皖A4556T.jpg,MPV,黑
鄂D646F3.jpg,轻客,黑
鄂S83219.jpg,轻客,白
鄂CK7607.jpg,紧凑型SUV,银灰
鄂B22676.jpg,紧凑型SUV,黑
鄂N96762.jpg,微面,银灰
鄂AZ0072.jpg,MPV,黑
鄂FN2206.jpg,微面,黑
鄂A8663E.jpg,紧凑型SUV,黑
鄂D1067B.jpg,轻客,蓝
鄂FDC232.jpg,紧凑型车,银灰
鄂AHH067.jpg,中大型车,黑
鄂C1C9C6.jpg,紧凑型车,白
鄂AE1158.jpg,MPV,黑
鄂AVE67E.jpg,紧凑型车,白
鄂AB3G37.jpg,中型车,黑
鄂K9968K.jpg,紧凑型车,黑
鄂KZ3722.jpg,中大型车,黑
鄂B55316.jpg,紧凑型车,白
鄂F8X919.jpg,中型车,黑
鄂NAA155.jpg,中型车,黑
鄂AE1629.jpg,紧凑型SUV,黑
鄂D9952E.jpg,紧凑型车,黑
鄂D9TY89.jpg,中型SUV,棕
鄂JKK352.jpg,紧凑型车,红
鄂J5562M.jpg,紧凑型车,黑
鄂DD7785.jpg,皮卡,红
鄂DEG101.jpg,微面,银灰
桂DJXI58.jpg,中型SUV,白
桂FXG789.jpg,中型车,黑
桂LPE11E.jpg,小型车,绿
桂RW5588.jpg,紧凑型车,银灰
桂NLU66U.jpg,小型车,蓝
桂KQU111.jpg,皮卡,银灰
桂K4D013.jpg,中型车,黄
桂KC4304.jpg,微面,银灰
桂AEU930.jpg,MPV,银灰
桂R11889.jpg,轻客,蓝
桂BT3503.jpg,微面,银灰
桂AB7677.jpg,微卡,红
桂DAP989.jpg,MPV,银灰
桂FBZ999.jpg,微面,银灰
桂DEBI08.jpg,轻客,黑
桂AB0112.jpg,紧凑型SUV,黑
桂B53553.jpg,紧凑型SUV,银灰
桂LC5500.jpg,轻客,红
桂KY2866.jpg,轻客,白
桂KL9551.jpg,MPV,白
桂D5D852.jpg,中型SUV,银灰
桂A8R898.jpg,大型车,黑
桂AB8028.jpg,紧凑型车,黑
桂BRC966.jpg,中型车,黑
桂R98989.jpg,中大型SUV,橙
赣0268550.jpg,轻客,蓝
粤W04477.jpg,轻客,白
粤W76070.jpg,紧凑型SUV,银灰
粤W08081.jpg,轻客,白
粤WA0333.jpg,轻客,银灰
粤WA0112.jpg,紧凑型车,银灰
粤W07990.jpg,轻客,白
粤W65605.jpg,轻客,银灰
粤W05556.jpg,微面,银灰
粤OW0000.jpg,轻客,白
粤W07655.jpg,轻客,白
粤W00881.jpg,轻客,银灰
鲁RNL887.jpg,轻客,蓝
沪A868P3.jpg,中型SUV,白
沪C088K2.jpg,SUV,棕
沪K23967.jpg,MPV,银灰
沪C8N823.jpg,SUV,黑
沪K0E760.jpg,中型车,黑
沪CYT248.jpg,MPV,白
沪B5E557.jpg,中大型车,黑
沪BG2462.jpg,微卡,红
沪D70622.jpg,中大型车,黑
沪C656C3.jpg,紧凑型车,黑
沪AR8328.jpg,中型SUV,银灰
沪CQE217.jpg,紧凑型车,黑
沪AN7371.jpg,中型车,黑
沪E64330.jpg,中大型车,黑
沪A03J93.jpg,中型车,银灰
沪BE7555.jpg,中大型车,黑
沪A891U9.jpg,中型SUV,白
沪CBE588.jpg,紧凑型车,白
沪C27G66.jpg,MPV,银灰
京PKZ113.jpg,紧凑型SUV,红
京PJ6623.jpg,中型车,黑
京N2Q221.jpg,紧凑型SUV,白
京PQ9601.jpg,紧凑型车,白
京P7HH70.jpg,中型SUV,白
京P9RX88.jpg,MPV,银灰
京E227P2.jpg,中型SUV,白
京NNS010.jpg,小型车,银灰
京P8RX88.jpg,MPV,银灰
京P7KU07.jpg,紧凑型车,银灰
京P68807.jpg,微面,银灰
京N6Z777.jpg,紧凑型车,银灰
京P881X7.jpg,MPV,黑
京N06669.jpg,紧凑型车,银灰
京PWJ093.jpg,中型车,黑
京NZK187.jpg,中型车,棕
京N98H81.jpg,紧凑型车,红
京P7KU76.jpg,紧凑型车,银灰
京NM3338.jpg,中型车,黑
京LK3283.jpg,小型车,银灰
京J62771.jpg,中大型车,黑
京PC3181.jpg,SUV,黑
京N069L9.jpg,紧凑型车,银灰
京P9FF21.jpg,轻客,白
京JC2061.jpg,中大型车,白
京PYT399.jpg,MPV,黑
京N5Q599.jpg,中型SUV,银灰
京NFTT76.jpg,紧凑型车,白
京NQ7778.jpg,中大型SUV,黑
京P771W9.jpg,中大型车,黑
陕D8G89G.jpg,紧凑型车,黑
陕CN2253.jpg,紧凑型SUV,黑
陕EQ1818.jpg,小型车,银灰
陕A881A8.jpg,中型SUV,绿
陕AX002X.jpg,轻客,白
陕AD2D28.jpg,中型SUV,白
陕AP5P25.jpg,SUV,银灰
陕ADP203.jpg,微卡,银灰
陕AK6966.jpg,紧凑型SUV,白
陕A01VV9.jpg,紧凑型车,红
陕AP3203.jpg,轻客,银灰
陕FM445L.jpg,中型车,黑
陕ASG131.jpg,紧凑型车,银灰
陕A222N2.jpg,中大型SUV,黑
陕DM1171.jpg,轻客,黑
陕A929N9.jpg,中大型SUV,黑
陕A0102X.jpg,MPV,白
陕D83319.jpg,微卡,红
陕E64969.jpg,紧凑型车,银灰
陕APC080.jpg,紧凑型车,银灰
粤A244G9.jpg,中型车,银灰
粤A3WB88.jpg,紧凑型车,白
粤XSV20V.jpg,紧凑型车,白
粤RZL192.jpg,紧凑型车,银灰
粤SR5111.jpg,SUV,黑
粤A9C20T.jpg,紧凑型SUV,红
粤X50H10.jpg,紧凑型车,白
粤A7ZE45.jpg,中型车,棕
粤A5H83S.jpg,中型车,黑
粤A293XC.jpg,紧凑型车,银灰
粤USD398.jpg,中型车,黑
粤AA1Q05.jpg,紧凑型车,黑
粤A0ZR73.jpg,中型车,红
粤A123ZG.jpg,紧凑型车,银灰
粤A639UA.jpg,SUV,黑
粤S2K79A.jpg,轻客,银灰
粤A10G4E.jpg,MPV,黑
粤ALJ649.jpg,小型车,银灰
粤AF8T90.jpg,中型车,银灰
粤AG7R41.jpg,紧凑型车,白
粤A6H36U.jpg,紧凑型SUV,银灰
粤ASV179.jpg,MPV,黑
粤V07825.jpg,中大型车,黑
粤B2M1N6.jpg,紧凑型车,银灰
粤A067YJ.jpg,紧凑型车,银灰
粤A9G36Z.jpg,紧凑型车,黑
粤AC4G15.jpg,中型车,绿
粤A4UH39.jpg,中型SUV,黑
粤A035XL.jpg,紧凑型车,银灰
粤A41J04.jpg,MPV,黑
粤A9V03A.jpg,紧凑型SUV,银灰
粤AA09V0.jpg,中型车,棕
粤A0TW60.jpg,SUV,白
粤B9F1A9.jpg,紧凑型SUV,白
粤A9480L.jpg,MPV,黑
粤A3665Z.jpg,中大型车,黑
粤AKV527.jpg,紧凑型车,红
粤A146L7.jpg,MPV,黑
粤A060WE.jpg,紧凑型SUV,银灰
粤YYH499.jpg,紧凑型车,黑
粤R0C599.jpg,紧凑型车,白
粤A8TR74.jpg,中型车,棕
粤ARF993.jpg,轻客,银灰
粤A042BZ.jpg,中型车,黑
粤ETD227.jpg,紧凑型车,黑
粤A3UF73.jpg,MPV,银灰
粤A7Z20Z.jpg,紧凑型SUV,棕
粤A036KZ.jpg,紧凑型车,银灰
粤A041CY.jpg,小型车,黑
粤A13E93.jpg,紧凑型车,银灰
粤A320N9.jpg,MPV,银灰
粤AF0P34.jpg,中大型车,白
粤A258WQ.jpg,中型车,银灰
粤AEH857.jpg,紧凑型SUV,黑
粤A5S31D.jpg,中型车,白
粤A937T2.jpg,中型车,绿
粤AE4S12.jpg,中型车,黑
粤A70030.jpg,豪华车,黑
粤A4X23H.jpg,小型车,白
粤Y13X59.jpg,MPV,银灰
粤AH1A74.jpg,中型车,红
粤A7J87D.jpg,中型车,银灰
粤A7G79J.jpg,紧凑型SUV,银灰
粤A0BD78.jpg,轻客,银灰
粤A9UH74.jpg,中型车,绿
粤BN4Q81.jpg,紧凑型车,黑
粤AG3P04.jpg,中型SUV,白
粤A1T07F.jpg,中型车,棕
粤LZU161.jpg,紧凑型车,蓝
粤A5XW50.jpg,MPV,黑
粤A653FK.jpg,中型车,黑
粤Y36065.jpg,紧凑型车,银灰
粤E6E91E.jpg,中型SUV,黑
粤A655XZ.jpg,中型车,黑
粤A064P2.jpg,中大型车,黑
粤A1TY76.jpg,紧凑型车,黑
粤A1561D.jpg,紧凑型车,银灰
粤A208NX.jpg,MPV,黑
粤A5A48N.jpg,紧凑型车,红
粤A4WM06.jpg,中型车,黑
粤A598C2.jpg,中型车,黑
粤A3ZR00.jpg,MPV,银灰
粤JD0L93.jpg,MPV,银灰
粤A3M78E.jpg,MPV,黑
粤A1ZR54.jpg,中型车,红
粤AD6E56.jpg,MPV,黑
粤A482ES.jpg,MPV,黑
粤A421LU.jpg,MPV,黑
粤AD2H77.jpg,中型SUV,黑
粤A1HG11.jpg,紧凑型SUV,银灰
粤A89X97.jpg,紧凑型SUV,黑
粤A2824Y.jpg,紧凑型车,白
粤A9G48V.jpg,中型车,黑
粤AD3M52.jpg,MPV,白
粤A353WV.jpg,中型车,银灰
粤A693YV.jpg,中大型车,银灰
粤S32X13.jpg,中大型车,黑
粤A9ME95.jpg,紧凑型车,黑
粤A9636Y.jpg,紧凑型车,银灰
粤B3M109.jpg,MPV,白
粤AY9084.jpg,中型车,白
粤D7B550.jpg,紧凑型SUV,黑
粤A283UM.jpg,中型车,黑
粤B0Q4D8.jpg,中型车,黑
粤A2V91G.jpg,紧凑型车,白
黑CC5535.jpg,MPV,黑
黑K5H066.jpg,紧凑型车,黑
黑AJJ010.jpg,中型车,银灰
黑AWM247.jpg,小型车,银灰
黑A0K430.jpg,中型车,黑
黑A368D6.jpg,紧凑型车,黑
黑E7J626.jpg,中型SUV,黑
黑AH1232.jpg,小型车,蓝
黑AJL675.jpg,中型SUV,黑
黑A5758J.jpg,MPV,红
黑M50D27.jpg,MPV,黑
黑C69690.jpg,中大型车,黑
黑EJB033.jpg,中型车,白
黑EWF638.jpg,中型车,银灰
黑E5300A.jpg,MPV,黑
黑ART212.jpg,紧凑型车,红
黑H8E588.jpg,MPV,黑
黑C93006.jpg,紧凑型车,银灰
黑AUJ018.jpg,中型车,银灰
黑AJ7585.jpg,紧凑型车,红
苏CH992W.jpg,中型车,黑
苏A7766D.jpg,中型车,银灰
苏EYB196.jpg,中型车,白
苏BNE057.jpg,轻客,银灰
苏LD9D19.jpg,大型车,黑
苏D71719.jpg,紧凑型车,红
苏A33339.jpg,小型车,红
苏A3930Z.jpg,中型车,白
苏A9DQ66.jpg,轻客,银灰
苏A2333W.jpg,微面,银灰
苏EE7738.jpg,大型车,白
苏ADV789.jpg,中大型SUV,白
苏CVFF91.jpg,小型车,银灰
苏EUM685.jpg,中大型SUV,白
苏B5888R.jpg,轻客,银灰
苏K7N72N.jpg,紧凑型车,黑
苏CPP187.jpg,微卡,红
苏EVQ617.jpg,轻客,黑
苏K6687P.jpg,中型SUV,白
粤SAK792.jpg,轻客,银灰
粤AWW193.jpg,中型车,黑
粤A4FQ53.jpg,跑车,黑
粤S47749.jpg,MPV,黑
粤S86468.jpg,轻客,银灰
粤S46600.jpg,轻客,白
粤SA3315.jpg,轻客,蓝
粤AJD877.jpg,中型车,银灰
粤S66829.jpg,轻客,银灰
粤E94459.jpg,轻客,白
粤S93031.jpg,MPV,银灰
粤AVG460.jpg,中型车,黑
粤A3Q19Q.jpg,紧凑型车,银灰
粤AF4287.jpg,中型车,银灰
粤ANT462.jpg,中型车,银灰
粤J45520.jpg,轻客,白
粤AJ6638.jpg,轻客,银灰
粤S64609.jpg,轻客,银灰
粤A3RR40.jpg,紧凑型车,银灰
粤S33349.jpg,MPV,白
粤S5A913.jpg,轻客,蓝
粤Y75711.jpg,微面,蓝
粤AVR252.jpg,中型车,绿
粤S97742.jpg,轻客,银灰
粤S66168.jpg,轻客,银灰
吉AW5333.jpg,紧凑型车,白
吉AF0920.jpg,MPV,白
吉AR4473.jpg,紧凑型车,红
吉A22201.jpg,MPV,白
吉A2F202.jpg,轻客,银灰
吉AU9239.jpg,轻客,白
吉A79753.jpg,轻客,黑
吉ATP009.jpg,中型SUV,黑
吉AL3325.jpg,中型车,白
吉AK4848.jpg,中大型车,银灰
吉AXX699.jpg,MPV,白
吉A933F3.jpg,MPV,银灰
吉A6AJ57.jpg,MPV,黑
吉A333F6.jpg,MPV,银灰
吉D2L222.jpg,中大型SUV,白
吉AX2210.jpg,紧凑型车,银灰
吉A2E201.jpg,中型车,银灰
吉AFB208.jpg,中型车,黑
吉AXX182.jpg,微面,银灰
吉C7H898.jpg,中型SUV,白
吉AAE120.jpg,紧凑型SUV,黑
吉AE0200.jpg,小型车,黑
吉J22022.jpg,中大型车,黑
吉BXX030.jpg,中型车,白
赣G35592.jpg,轻客,银灰
赣C5B147.jpg,小型车,白
赣C65288.jpg,轻客,蓝
赣C8H309.jpg,微面,银灰
赣A9H217.jpg,小型车,银灰
赣FU7878.jpg,MPV,银灰
赣CN1011.jpg,微面,蓝
赣D48699.jpg,轻客,白
赣AT0728.jpg,中型车,黑
赣M7S659.jpg,紧凑型SUV,棕
赣BR0386.jpg,MPV,白
赣B5E509.jpg,紧凑型车,黑
赣G7E217.jpg,紧凑型车,银灰
赣D0D630.jpg,MPV,红
赣HS2212.jpg,紧凑型车,银灰
赣C9L667.jpg,中型SUV,棕
赣AQ036Q.jpg,紧凑型车,白
赣F5Q899.jpg,紧凑型车,蓝
赣C7L861.jpg,轻客,红
赣G33392.jpg,轻客,白
赣DQ6655.jpg,中型车,白
晋MJ1123.jpg,小型SUV,红
晋D66777.jpg,中大型车,银灰
晋DS996J.jpg,紧凑型SUV,银灰
晋DP2133.jpg,紧凑型车,银灰
晋M3312J.jpg,微卡,红
晋A32T99.jpg,紧凑型SUV,白
晋DUA770.jpg,中型车,黑
晋M34733.jpg,小型SUV,红
晋DC177C.jpg,中型车,白
晋LW5523.jpg,中大型车,银灰
晋KNE878.jpg,MPV,银灰
晋A6U649.jpg,紧凑型SUV,白
晋KNEN77.jpg,MPV,银灰
晋A1991X.jpg,紧凑型车,白
晋M2266W.jpg,微面,银灰
晋AD2788.jpg,小型车,银灰
晋E12263.jpg,中型车,黑
晋B6266N.jpg,紧凑型SUV,黑
晋B39U42.jpg,中型车,黑
晋J19F29.jpg,紧凑型车,黑
晋A8Q888.jpg,中型SUV,银灰
晋ML8830.jpg,紧凑型车,黑
晋A89969.jpg,皮卡,红
甘A1K675.jpg,中型车,银灰
甘AWV735.JPG,中大型SUV,银灰
甘ABJ818.jpg,中型车,白
甘AYD185.jpg,紧凑型车,白
甘AMG189.jpg,中大型车,黑
甘AG7131.jpg,MPV,黑
甘AQR571.jpg,MPV,黑
甘ANM778.jpg,紧凑型车,黑
甘A75774.jpg,紧凑型车,白
甘AHW838.jpg,小型车,黑
甘AAB090.jpg,紧凑型车,黑
甘AF8185.jpg,微面,黑
甘AGH703.jpg,中型车,绿
甘AQN679.jpg,紧凑型SUV,白
甘ADY469.jpg,中型SUV,黑
甘A4U792.jpg,MPV,黑
甘ASR261.jpg,紧凑型车,黑
甘000666.JPG,中型车,黑
甘A2N782.jpg,中型车,白
甘APF288.jpg,紧凑型SUV,白
甘AX3043.jpg,MPV,白
甘AF9660.jpg,紧凑型SUV,黑
甘AZ6245.jpg,紧凑型SUV,黑
甘AL8515.jpg,小型车,白
甘A0G332.jpg,紧凑型车,银灰
甘AK3399.jpg,微面,银灰
甘ADJ872.jpg,小型车,红
甘A45777.jpg,SUV,白
甘A3N890.jpg,MPV,白
甘ANP222.jpg,MPV,黑
甘AML179.jpg,小型车,银灰
甘AZV912.jpg,紧凑型车,黑
豫Q5158B.jpg,轻客,白
豫C3997R.jpg,中大型SUV,黑
豫RK3903.jpg,紧凑型车,银灰
豫CK7959.jpg,中大型车,黑
豫BMM939.jpg,微面,银灰
豫DKR183.jpg,紧凑型车,黑
豫AMK898.jpg,中大型SUV,黑
豫F69673.jpg,紧凑型车,黑
豫ALT719.jpg,跑车,红
豫P0Q92N.jpg,MPV,银灰
豫QE1198.jpg,紧凑型车,黑
豫D3R883.jpg,紧凑型车,黑
豫C82282.jpg,中大型SUV,黑
豫DPP969.jpg,中型车,黑
豫PZ6163.jpg,轻客,棕
豫Q33E98.jpg,紧凑型车,黑
豫KE551K.jpg,微面,银灰
豫P05G20.jpg,微面,红
豫A393TV.jpg,紧凑型SUV,银灰
豫CP5661.jpg,轻客,白
豫R2N212.jpg,紧凑型车,黑
豫A33Y6K.jpg,中型车,黑
豫GQ0989.jpg,紧凑型车,白
豫B58571.jpg,MPV,银灰
WJ粤4407B.jpg,微型车,银灰
WJ粤2101B.jpg,SUV,黑
WJ粤00404.jpg,MPV,黑
WJ粤1112X.jpg,SUV,白
WJ粤3301X.jpg,MPV,黑
WJ粤1121X.jpg,中大型SUV,黑
WJ粤3139X.jpg,小型车,白
WJ粤4417B.jpg,MPV,银灰
WJ粤40004.jpg,SUV,黑
WJ粤3115X.jpg,MPV,银灰
WJ粤71667.jpg,MPV,白
WJ粤12116.jpg,MPV,绿
WJ粤60026.jpg,中大型SUV,黑
WJ粤6164X.jpg,MPV,银灰
WJ粤4704B.jpg,SUV,白
WJ粤61061.jpg,轻客,白
WJ粤1555X.jpg,中型车,黑
WJ粤61068.jpg,MPV,白
WJ粤12002.jpg,SUV,黑
WJ粤02002.jpg,中型车,黑
WJ粤4140X.jpg,MPV,黑
蒙AM7355.JPG,MPV,黑
蒙A5L227.jpg,中型车,黑
蒙AFY216.jpg,MPV,黑
蒙ANM151.jpg,MPV,黑
蒙CYK660.jpg,MPV,银灰
蒙A17J79.jpg,紧凑型车,银灰
蒙BCL170.jpg,紧凑型车,银灰
蒙ABH798.jpg,中大型SUV,黑
蒙ANE388.jpg,紧凑型车,白
蒙AZK627.jpg,中型车,银灰
蒙A28R29.jpg,中大型车,银灰
蒙ANJ862.jpg,小型车,银灰
蒙ABH611.jpg,紧凑型SUV,黑
蒙ADD717.jpg,小型车,黑
蒙A52P17.jpg,中型车,黑
蒙A51T67.jpg,中大型SUV,红
蒙A11T26.jpg,中大型SUV,银灰
蒙AKY844.jpg,大型车,黑
蒙AZX554.jpg,中型SUV,棕
蒙AUP222.jpg,SUV,白
蒙AAZ948.jpg,中型SUV,黑
蒙AQG927.jpg,中型车,橙
蒙K77K09.JPG,微型车,白
蒙ATP606.jpg,中型车,绿
蒙ACC449.jpg,中型车,黑
蒙ASX466.jpg,紧凑型车,黑
蒙AEK788.jpg,中型车,黑
蒙ACX403.jpg,中大型车,白
蒙A83J23.jpg,紧凑型车,白
蒙AM0745.jpg,MPV,黑
蒙AFN584.jpg,中型SUV,银灰
蒙A77M01.jpg,MPV,银灰
蒙ASY354.jpg,MPV,银灰
蒙ADJ926.jpg,大型车,黑
蒙A2L855.jpg,中型车,银灰
蒙AXP324.jpg,MPV,银灰
蒙ADV817.jpg,紧凑型车,白
蒙ASY609.jpg,中大型SUV,黑
蒙ADJ756.jpg,轻客,白
蒙A6FH93.jpg,紧凑型车,银灰
蒙AWA770.jpg,中型车,绿
蒙KHB890.jpg,MPV,银灰
蒙AFP255.jpg,中大型SUV,黑
蒙AM7340.jpg,MPV,银灰
蒙DMW089.jpg,MPV,黑
蒙ADC395.jpg,中型车,银灰
GS33116.jpg,紧凑型SUV,黑
GS33034.jpg,紧凑型SUV,白
GJ52032.jpg,MPV,黑
GS16156.jpg,中大型SUV,白
GS22269.jpg,SUV,白
GL31693.jpg,轻客,白
GS13123.jpg,MPV,银灰
GD31031.jpg,中大型车,黑
GG83073.jpg,MPV,黑
GS36136.jpg,中型车,黑
GB34114.jpg,中大型车,黑
GS13193.jpg,紧凑型车,银灰
粤A6L050.jpg,轻客,白
粤A4H069.jpg,轻客,银灰
粤A89812.jpg,轻客,银灰
粤A8E672.jpg,轻客,白
粤A4J555.jpg,轻客,蓝
粤BK0030.jpg,轻客,白
粤A0M951.jpg,MPV,黄
粤A9E977.jpg,微面,白
粤A5L926.jpg,轻客,银灰
粤E0W818.jpg,跑车,绿
粤A6L072.jpg,轻客,银灰
粤A8G109.jpg,跑车,白
粤A58183.jpg,轻客,白
粤A8H115.jpg,轻客,白
粤A8W769.jpg,轻客,银灰
粤A8M478.jpg,轻客,银灰
粤A9L741.jpg,轻客,白
粤A9H836.jpg,跑车,棕
粤A6D058.jpg,轻客,银灰
粤A8D756.jpg,微面,蓝
粤A8C991.jpg,轻客,白
粤AIE933.jpg,轻客,蓝
粤A4G966.jpg,轻客,银灰
粤A6L066.jpg,紧凑型车,银灰
粤A5U906.jpg,轻客,白
粤A8K607.jpg,轻客,银灰
粤A3L366.jpg,轻客,白
粤A3H072.jpg,MPV,橙
粤A8H055.jpg,面包车,银灰
粤A4G660.jpg,中大型SUV,银灰
粤A0M599.jpg,轻客,白
粤A87551.jpg,轻客,银灰
粤A6M870.jpg,轻客,银灰
粤A2K966.jpg,轻客,白
粤A5U905.jpg,轻客,白
粤AIE088.jpg,中大型SUV,银灰
粤A9J950.jpg,轻客,白
粤A6J232.jpg,轻客,白
粤A17733.jpg,轻客,蓝
粤A6W745.jpg,微面,蓝
青AQQ037.jpg,紧凑型车,银灰
青ABT761.jpg,紧凑型车,蓝
青H40787.jpg,中型车,黑
青AZN339.jpg,紧凑型车,黑
青E11086.JPG,轻客,白
青AQ0404.jpg,紧凑型车,棕
青A69351.jpg,中大型车,黑
青A7886M.jpg,紧凑型车,红
青AH3765.jpg,紧凑型车,银灰
青AQ8687.jpg,MPV,黑
青G66837.jpg,中大型SUV,白
青A3V018.jpg,紧凑型车,银灰
青A0X255.jpg,中型车,绿
青AJJ530.jpg,紧凑型车,黑
青AMJ616.jpg,小型车,白
青AMN007.jpg,紧凑型车,银灰
青AM4099.jpg,中型车,白
青A33966.jpg,MPV,黑
青AL0037.jpg,MPV,黑
青AHU330.jpg,中型车,银灰
青AVE911.jpg,紧凑型车,银灰
青AWJ527.jpg,小型车,橙
青AHQ365.jpg,中型车,黄
青A1376M.jpg,紧凑型车,白
青A65507.jpg,紧凑型车,银灰
青A6A689.jpg,MPV,银灰
青AHH112.jpg,紧凑型车,银灰
青A62107.jpg,中型车,黄
青ABR333.jpg,轻客,白
青0A9869.jpg,中型车,黑
青AS7161.jpg,MPV,银灰
青AGY009.jpg,中型车,红
青AT3175.jpg,紧凑型车,银灰
青A6919F.jpg,MPV,银灰
青ARR801.jpg,中型车,蓝
青A5Z086.jpg,中大型车,黑
琼A73367.jpg,微面,蓝
琼B6031H.jpg,紧凑型车,黑
琼AEZ660.jpg,中型SUV,黑
琼AKG727.jpg,紧凑型车,黑
琼A9B911.jpg,紧凑型车,黑
琼A33102.jpg,微面,银灰
琼AJK727.jpg,中型车,黑
琼AK9737.jpg,MPV,黑
琼A8C872.jpg,紧凑型车,银灰
琼AKG707.jpg,中型SUV,黑
琼AG1292.jpg,中大型SUV,白
琼ATQ012.jpg,中型车,白
琼A7G313.jpg,轻客,银灰
琼AND393.jpg,紧凑型车,白
琼BH6110.jpg,紧凑型车,银灰
琼AT3633.jpg,紧凑型SUV,棕
琼ABB778.jpg,中大型SUV,黑
琼BC0988.jpg,紧凑型SUV,白
琼AKPP03.jpg,中型车,白
琼B55633.jpg,微面,银灰
琼A52567.jpg,紧凑型车,黑
琼A73833.jpg,MPV,白
琼AT5656.jpg,紧凑型车,白
琼A29262.jpg,轻客,银灰
琼BM6265.jpg,微面,银灰
琼AM6296.jpg,中大型车,黑
琼ALY633.jpg,微面,银灰
新A09U05.jpg,中大型车,黑
新A882G1.jpg,中型车,棕
新LH2237.jpg,中型SUV,黑
新L57601.jpg,小型车,银灰
新LRJ520.jpg,微面,银灰
新LXY123.jpg,中型车,黑
新LH9412.jpg,中型车,黑
新LD7355.jpg,中型SUV,黑
新AGJ820.jpg,中型车,银灰
新LYF813.jpg,中型车,红
新LK9126.jpg,中大型车,白
新LTX777.jpg,紧凑型车,银灰
新LDD326.jpg,紧凑型车,白
新A0A413.jpg,中型车,银灰
新LK9569.jpg,轻客,银灰
新LHQ799.jpg,中型SUV,黑
新L966YY.jpg,紧凑型车,银灰
新G69015.jpg,中型车,白
新A76W70.jpg,小型车,橙
新HA8987.jpg,中型车,绿
新LD5672.jpg,中型车,黑
新L19698.jpg,中型SUV,银灰
新C13369.JPG,MPV,白
新LB6020.jpg,MPV,银灰
新LE8609.jpg,紧凑型车,银灰
新LB3827.jpg,MPV,银灰
新AA5126.jpg,紧凑型车,白
新A118U2.jpg,紧凑型SUV,黑
新B80052.jpg,紧凑型车,白
新L53530.jpg,紧凑型车,黑
新AN7400.jpg,中大型车,黑
新AWS326.jpg,中型车,黄
新LK2810.jpg,中型SUV,黑
新BX5731.jpg,微面,银灰
新GA3466.jpg,紧凑型SUV,白
新LXY100.jpg,中型车,红
新AWZ115.jpg,中型车,黄
新LC5202.jpg,MPV,黑
新LB2369.jpg,轻客,白
新CB3279.jpg,MPV,银灰
新AYJ688.jpg,紧凑型车,红
新A287R6.jpg,轻客,白
粤A1759领.jpg,紧凑型车,银灰
沪A1226领.jpg,MPV,银灰
使185010.jpg,MPV,银灰
粤A0661领.jpg,中型车,黑
粤A0303领.jpg,MPV,银灰
粤A4403领.jpg,中型车,黑
粤A0228领.jpg,MPV,黑
粤A1756领.jpg,紧凑型车,绿
粤A1107领.jpg,MPV,黑
粤A1755领.jpg,MPV,黑
使204150.jpg,MPV,黑
